--------------------------------------------------------
-- Archivo creado  - sábado-noviembre-11-2023   
--------------------------------------------------------
--------------------------------------------------------
--  DDL for Table CLIENT
--------------------------------------------------------

  CREATE TABLE "BRYANAR_"."CLIENT" 
   (	"ID_CLIENT" NUMBER(19,0), 
	"EMAIL_CLIENT" VARCHAR2(255 CHAR), 
	"LASTNAME_CLIENT" VARCHAR2(255 CHAR), 
	"NAME_CLIENT" VARCHAR2(255 CHAR), 
	"NUMBER_CLIENT" VARCHAR2(255 CHAR)
   ) SEGMENT CREATION IMMEDIATE 
  PCTFREE 10 PCTUSED 40 INITRANS 1 MAXTRANS 255 
 NOCOMPRESS LOGGING
  STORAGE(INITIAL 65536 NEXT 1048576 MINEXTENTS 1 MAXEXTENTS 2147483645
  PCTINCREASE 0 FREELISTS 1 FREELIST GROUPS 1
  BUFFER_POOL DEFAULT FLASH_CACHE DEFAULT CELL_FLASH_CACHE DEFAULT)
  TABLESPACE "USERS" ;
--------------------------------------------------------
--  DDL for Table PRODUCT
--------------------------------------------------------

  CREATE TABLE "BRYANAR_"."PRODUCT" 
   (	"ID_PRODUCT" NUMBER(19,0), 
	"DESCRIPTION_PRODUCT" VARCHAR2(255 CHAR), 
	"NAME_PRODUCT" VARCHAR2(255 CHAR), 
	"PRICE_PRODUCT" FLOAT(126), 
	"ID_STORE" NUMBER(19,0)
   ) SEGMENT CREATION IMMEDIATE 
  PCTFREE 10 PCTUSED 40 INITRANS 1 MAXTRANS 255 
 NOCOMPRESS LOGGING
  STORAGE(INITIAL 65536 NEXT 1048576 MINEXTENTS 1 MAXEXTENTS 2147483645
  PCTINCREASE 0 FREELISTS 1 FREELIST GROUPS 1
  BUFFER_POOL DEFAULT FLASH_CACHE DEFAULT CELL_FLASH_CACHE DEFAULT)
  TABLESPACE "USERS" ;
--------------------------------------------------------
--  DDL for Table STORE
--------------------------------------------------------

  CREATE TABLE "BRYANAR_"."STORE" 
   (	"ID_STORE" NUMBER(19,0), 
	"NAME_STORE" VARCHAR2(255 CHAR), 
	"UBICATION_STORE" VARCHAR2(255 CHAR)
   ) SEGMENT CREATION IMMEDIATE 
  PCTFREE 10 PCTUSED 40 INITRANS 1 MAXTRANS 255 
 NOCOMPRESS LOGGING
  STORAGE(INITIAL 65536 NEXT 1048576 MINEXTENTS 1 MAXEXTENTS 2147483645
  PCTINCREASE 0 FREELISTS 1 FREELIST GROUPS 1
  BUFFER_POOL DEFAULT FLASH_CACHE DEFAULT CELL_FLASH_CACHE DEFAULT)
  TABLESPACE "USERS" ;
--------------------------------------------------------
--  DDL for Table TICKET
--------------------------------------------------------

  CREATE TABLE "BRYANAR_"."TICKET" 
   (	"ID_TICKET" NUMBER(19,0), 
	"ID_CLIENT" NUMBER(19,0), 
	"ID_PRODUCT" NUMBER(19,0)
   ) SEGMENT CREATION IMMEDIATE 
  PCTFREE 10 PCTUSED 40 INITRANS 1 MAXTRANS 255 
 NOCOMPRESS LOGGING
  STORAGE(INITIAL 65536 NEXT 1048576 MINEXTENTS 1 MAXEXTENTS 2147483645
  PCTINCREASE 0 FREELISTS 1 FREELIST GROUPS 1
  BUFFER_POOL DEFAULT FLASH_CACHE DEFAULT CELL_FLASH_CACHE DEFAULT)
  TABLESPACE "USERS" ;
REM INSERTING into BRYANAR_.CLIENT
SET DEFINE OFF;
Insert into BRYANAR_.CLIENT (ID_CLIENT,EMAIL_CLIENT,LASTNAME_CLIENT,NAME_CLIENT,NUMBER_CLIENT) values ('21','bryanarrivasplata.rojas@gmail.com','Arrivasplata Rojas','Bryan Arrivasplata','+51 997767771');
Insert into BRYANAR_.CLIENT (ID_CLIENT,EMAIL_CLIENT,LASTNAME_CLIENT,NAME_CLIENT,NUMBER_CLIENT) values ('22','leopoldo@gmail.com','Arrivasplata Rojas','Leopoldo Rivasplata','+51 914578241');
REM INSERTING into BRYANAR_.PRODUCT
SET DEFINE OFF;
Insert into BRYANAR_.PRODUCT (ID_PRODUCT,DESCRIPTION_PRODUCT,NAME_PRODUCT,PRICE_PRODUCT,ID_STORE) values ('1','Fuente Ovejuna','Teatrito','50,8','14');
Insert into BRYANAR_.PRODUCT (ID_PRODUCT,DESCRIPTION_PRODUCT,NAME_PRODUCT,PRICE_PRODUCT,ID_STORE) values ('2','Pelicula de Terror','Saw I','25','15');
REM INSERTING into BRYANAR_.STORE
SET DEFINE OFF;
Insert into BRYANAR_.STORE (ID_STORE,NAME_STORE,UBICATION_STORE) values ('12','BBVA','Calle Surco 155');
Insert into BRYANAR_.STORE (ID_STORE,NAME_STORE,UBICATION_STORE) values ('13','BCP','Calle Miraflores 153');
Insert into BRYANAR_.STORE (ID_STORE,NAME_STORE,UBICATION_STORE) values ('14','Teatro Laureles','Avenida Asia 155');
Insert into BRYANAR_.STORE (ID_STORE,NAME_STORE,UBICATION_STORE) values ('15','Cineplanet','Jiron de la Unión');
Insert into BRYANAR_.STORE (ID_STORE,NAME_STORE,UBICATION_STORE) values ('16','Concierto Lupe','Jiron Zorritos 1134');
Insert into BRYANAR_.STORE (ID_STORE,NAME_STORE,UBICATION_STORE) values ('17','Cineplanet 4D','Santa anita cuadra 2');
REM INSERTING into BRYANAR_.TICKET
SET DEFINE OFF;
Insert into BRYANAR_.TICKET (ID_TICKET,ID_CLIENT,ID_PRODUCT) values ('1','21','1');
Insert into BRYANAR_.TICKET (ID_TICKET,ID_CLIENT,ID_PRODUCT) values ('2','21','2');
Insert into BRYANAR_.TICKET (ID_TICKET,ID_CLIENT,ID_PRODUCT) values ('3','22','2');
Insert into BRYANAR_.TICKET (ID_TICKET,ID_CLIENT,ID_PRODUCT) values ('4','22','1');
--------------------------------------------------------
--  DDL for Index SYS_C007698
--------------------------------------------------------

  CREATE UNIQUE INDEX "BRYANAR_"."SYS_C007698" ON "BRYANAR_"."CLIENT" ("ID_CLIENT") 
  PCTFREE 10 INITRANS 2 MAXTRANS 255 COMPUTE STATISTICS 
  STORAGE(INITIAL 65536 NEXT 1048576 MINEXTENTS 1 MAXEXTENTS 2147483645
  PCTINCREASE 0 FREELISTS 1 FREELIST GROUPS 1
  BUFFER_POOL DEFAULT FLASH_CACHE DEFAULT CELL_FLASH_CACHE DEFAULT)
  TABLESPACE "USERS" ;
--------------------------------------------------------
--  DDL for Index SYS_C007682
--------------------------------------------------------

  CREATE UNIQUE INDEX "BRYANAR_"."SYS_C007682" ON "BRYANAR_"."PRODUCT" ("ID_PRODUCT") 
  PCTFREE 10 INITRANS 2 MAXTRANS 255 COMPUTE STATISTICS 
  STORAGE(INITIAL 65536 NEXT 1048576 MINEXTENTS 1 MAXEXTENTS 2147483645
  PCTINCREASE 0 FREELISTS 1 FREELIST GROUPS 1
  BUFFER_POOL DEFAULT FLASH_CACHE DEFAULT CELL_FLASH_CACHE DEFAULT)
  TABLESPACE "USERS" ;
--------------------------------------------------------
--  DDL for Index SYS_C007686
--------------------------------------------------------

  CREATE UNIQUE INDEX "BRYANAR_"."SYS_C007686" ON "BRYANAR_"."STORE" ("ID_STORE") 
  PCTFREE 10 INITRANS 2 MAXTRANS 255 COMPUTE STATISTICS 
  STORAGE(INITIAL 65536 NEXT 1048576 MINEXTENTS 1 MAXEXTENTS 2147483645
  PCTINCREASE 0 FREELISTS 1 FREELIST GROUPS 1
  BUFFER_POOL DEFAULT FLASH_CACHE DEFAULT CELL_FLASH_CACHE DEFAULT)
  TABLESPACE "USERS" ;
--------------------------------------------------------
--  DDL for Index SYS_C007700
--------------------------------------------------------

  CREATE UNIQUE INDEX "BRYANAR_"."SYS_C007700" ON "BRYANAR_"."TICKET" ("ID_TICKET") 
  PCTFREE 10 INITRANS 2 MAXTRANS 255 COMPUTE STATISTICS 
  STORAGE(INITIAL 65536 NEXT 1048576 MINEXTENTS 1 MAXEXTENTS 2147483645
  PCTINCREASE 0 FREELISTS 1 FREELIST GROUPS 1
  BUFFER_POOL DEFAULT FLASH_CACHE DEFAULT CELL_FLASH_CACHE DEFAULT)
  TABLESPACE "USERS" ;
--------------------------------------------------------
--  Constraints for Table CLIENT
--------------------------------------------------------

  ALTER TABLE "BRYANAR_"."CLIENT" MODIFY ("ID_CLIENT" NOT NULL ENABLE);
  ALTER TABLE "BRYANAR_"."CLIENT" MODIFY ("EMAIL_CLIENT" NOT NULL ENABLE);
  ALTER TABLE "BRYANAR_"."CLIENT" MODIFY ("LASTNAME_CLIENT" NOT NULL ENABLE);
  ALTER TABLE "BRYANAR_"."CLIENT" MODIFY ("NAME_CLIENT" NOT NULL ENABLE);
  ALTER TABLE "BRYANAR_"."CLIENT" MODIFY ("NUMBER_CLIENT" NOT NULL ENABLE);
  ALTER TABLE "BRYANAR_"."CLIENT" ADD PRIMARY KEY ("ID_CLIENT")
  USING INDEX PCTFREE 10 INITRANS 2 MAXTRANS 255 COMPUTE STATISTICS 
  STORAGE(INITIAL 65536 NEXT 1048576 MINEXTENTS 1 MAXEXTENTS 2147483645
  PCTINCREASE 0 FREELISTS 1 FREELIST GROUPS 1
  BUFFER_POOL DEFAULT FLASH_CACHE DEFAULT CELL_FLASH_CACHE DEFAULT)
  TABLESPACE "USERS"  ENABLE;
--------------------------------------------------------
--  Constraints for Table PRODUCT
--------------------------------------------------------

  ALTER TABLE "BRYANAR_"."PRODUCT" MODIFY ("ID_PRODUCT" NOT NULL ENABLE);
  ALTER TABLE "BRYANAR_"."PRODUCT" MODIFY ("DESCRIPTION_PRODUCT" NOT NULL ENABLE);
  ALTER TABLE "BRYANAR_"."PRODUCT" MODIFY ("NAME_PRODUCT" NOT NULL ENABLE);
  ALTER TABLE "BRYANAR_"."PRODUCT" MODIFY ("PRICE_PRODUCT" NOT NULL ENABLE);
  ALTER TABLE "BRYANAR_"."PRODUCT" ADD PRIMARY KEY ("ID_PRODUCT")
  USING INDEX PCTFREE 10 INITRANS 2 MAXTRANS 255 COMPUTE STATISTICS 
  STORAGE(INITIAL 65536 NEXT 1048576 MINEXTENTS 1 MAXEXTENTS 2147483645
  PCTINCREASE 0 FREELISTS 1 FREELIST GROUPS 1
  BUFFER_POOL DEFAULT FLASH_CACHE DEFAULT CELL_FLASH_CACHE DEFAULT)
  TABLESPACE "USERS"  ENABLE;
--------------------------------------------------------
--  Constraints for Table STORE
--------------------------------------------------------

  ALTER TABLE "BRYANAR_"."STORE" MODIFY ("ID_STORE" NOT NULL ENABLE);
  ALTER TABLE "BRYANAR_"."STORE" MODIFY ("NAME_STORE" NOT NULL ENABLE);
  ALTER TABLE "BRYANAR_"."STORE" MODIFY ("UBICATION_STORE" NOT NULL ENABLE);
  ALTER TABLE "BRYANAR_"."STORE" ADD PRIMARY KEY ("ID_STORE")
  USING INDEX PCTFREE 10 INITRANS 2 MAXTRANS 255 COMPUTE STATISTICS 
  STORAGE(INITIAL 65536 NEXT 1048576 MINEXTENTS 1 MAXEXTENTS 2147483645
  PCTINCREASE 0 FREELISTS 1 FREELIST GROUPS 1
  BUFFER_POOL DEFAULT FLASH_CACHE DEFAULT CELL_FLASH_CACHE DEFAULT)
  TABLESPACE "USERS"  ENABLE;
--------------------------------------------------------
--  Constraints for Table TICKET
--------------------------------------------------------

  ALTER TABLE "BRYANAR_"."TICKET" MODIFY ("ID_TICKET" NOT NULL ENABLE);
  ALTER TABLE "BRYANAR_"."TICKET" ADD PRIMARY KEY ("ID_TICKET")
  USING INDEX PCTFREE 10 INITRANS 2 MAXTRANS 255 COMPUTE STATISTICS 
  STORAGE(INITIAL 65536 NEXT 1048576 MINEXTENTS 1 MAXEXTENTS 2147483645
  PCTINCREASE 0 FREELISTS 1 FREELIST GROUPS 1
  BUFFER_POOL DEFAULT FLASH_CACHE DEFAULT CELL_FLASH_CACHE DEFAULT)
  TABLESPACE "USERS"  ENABLE;
--------------------------------------------------------
--  Ref Constraints for Table PRODUCT
--------------------------------------------------------

  ALTER TABLE "BRYANAR_"."PRODUCT" ADD CONSTRAINT "FK9E9JNRG713B1VSTYEFBNP59MV" FOREIGN KEY ("ID_STORE")
	  REFERENCES "BRYANAR_"."STORE" ("ID_STORE") ENABLE;
--------------------------------------------------------
--  Ref Constraints for Table TICKET
--------------------------------------------------------

  ALTER TABLE "BRYANAR_"."TICKET" ADD CONSTRAINT "FKGYC3K9UCHUPGJMTACIIKGXOSS" FOREIGN KEY ("ID_CLIENT")
	  REFERENCES "BRYANAR_"."CLIENT" ("ID_CLIENT") ENABLE;
  ALTER TABLE "BRYANAR_"."TICKET" ADD CONSTRAINT "FKSR87PIAPSSVMTRD3XQWUMNHA5" FOREIGN KEY ("ID_PRODUCT")
	  REFERENCES "BRYANAR_"."PRODUCT" ("ID_PRODUCT") ENABLE;
